{
  "__file": "wp_block",
  "title": "Activity (ja)",
  "content": "<!-- wp:columns -->\n<div class=\"wp-block-columns\"><!-- wp:column -->\n<div class=\"wp-block-column\"><!-- wp:paragraph -->\n<p><strong><strong>対象者</strong></strong>: 全員</p>\n<!-- /wp:paragraph --></div>\n<!-- /wp:column -->\n\n<!-- wp:column -->\n<div class=\"wp-block-column\"><!-- wp:paragraph -->\n<p><strong><strong>場所</strong></strong>: どこか</p>\n<!-- /wp:paragraph --></div>\n<!-- /wp:column -->\n\n<!-- wp:column -->\n<div class=\"wp-block-column\"><!-- wp:paragraph -->\n<p><strong><strong>担当者</strong></strong>: 誰か</p>\n<!-- /wp:paragraph --></div>\n<!-- /wp:column --></div>\n<!-- /wp:columns -->\n\n<!-- wp:columns -->\n<div class=\"wp-block-columns\"><!-- wp:column -->\n<div class=\"wp-block-column\"><!-- wp:post-terms {\"term\":\"activity-category\",\"prefix\":\"\\u003cstrong\\u003eカテゴリー\\u003c/strong\\u003e: \"} /--></div>\n<!-- /wp:column -->\n\n<!-- wp:column -->\n<div class=\"wp-block-column\"><!-- wp:post-terms {\"term\":\"activity-tag\",\"prefix\":\"\\u003cstrong\\u003eタグ・注目\\u003c/strong\\u003e: \"} /--></div>\n<!-- /wp:column --></div>\n<!-- /wp:columns -->\n\n<!-- wp:heading {\"level\":3} -->\n<h3 class=\"wp-block-heading\">説明</h3>\n<!-- /wp:heading -->\n\n<!-- wp:paragraph -->\n<p>この演習で、参加者は〇〇などを学びます。</p>\n<!-- /wp:paragraph -->"
}