{
  "__file": "wp_block",
  "title": "Location (ja)",
  "content": "<!-- wp:group {\"layout\":{\"type\":\"constrained\"}} -->\n<div class=\"wp-block-group\"><!-- wp:heading {\"level\":3} -->\n<h3 class=\"wp-block-heading\">ロケ概要</h3>\n<!-- /wp:heading -->\n\n<!-- wp:columns -->\n<div class=\"wp-block-columns\"><!-- wp:column {\"width\":\"33.33%\"} -->\n<div class=\"wp-block-column\" style=\"flex-basis:33.33%\"><!-- wp:post-terms {\"term\":\"size\",\"prefix\":\"\\u003cstrong\\u003eサイズ\\u003c/strong\\u003e: \"} /--></div>\n<!-- /wp:column -->\n\n<!-- wp:column {\"width\":\"66.66%\"} -->\n<div class=\"wp-block-column\" style=\"flex-basis:66.66%\"><!-- wp:post-terms {\"term\":\"feature\",\"prefix\":\"\\u003cstrong\\u003e仕様\\u003c/strong\\u003e: \"} /--></div>\n<!-- /wp:column --></div>\n<!-- /wp:columns -->\n\n<!-- wp:columns -->\n<div class=\"wp-block-columns\"><!-- wp:column {\"width\":\"33.33%\"} -->\n<div class=\"wp-block-column\" style=\"flex-basis:33.33%\"><!-- wp:paragraph -->\n<p><strong>支柱</strong>:</p>\n<!-- /wp:paragraph --></div>\n<!-- /wp:column -->\n\n<!-- wp:column {\"width\":\"66.66%\"} -->\n<div class=\"wp-block-column\" style=\"flex-basis:66.66%\"><!-- wp:paragraph {\"fontSize\":\"small\"} -->\n<p class=\"has-small-font-size\">[何が必要？]</p>\n<!-- /wp:paragraph --></div>\n<!-- /wp:column --></div>\n<!-- /wp:columns -->\n\n<!-- wp:heading {\"level\":3} -->\n<h3 class=\"wp-block-heading\">シーン1-Xでの使用</h3>\n<!-- /wp:heading -->\n\n<!-- wp:paragraph -->\n<p></p>\n<!-- /wp:paragraph --></div>\n<!-- /wp:group -->"
}