{
  "__file": "wp_block",
  "title": "NPC (ja)",
  "content": "<!-- wp:group {\"layout\":{\"type\":\"constrained\"}} -->\n<div class=\"wp-block-group\"><!-- wp:group {\"layout\":{\"type\":\"constrained\"}} -->\n<div class=\"wp-block-group\"><!-- wp:heading {\"level\":3} -->\n<h3 class=\"wp-block-heading\">プロファイル</h3>\n<!-- /wp:heading -->\n\n<!-- wp:columns -->\n<div class=\"wp-block-columns\"><!-- wp:column -->\n<div class=\"wp-block-column\"><!-- wp:post-terms {\"term\":\"character-type\",\"prefix\":\"\\u003cstrong\\u003eタイプ\\u003c/strong\\u003e: \"} /-->\n\n<!-- wp:post-terms {\"term\":\"species\",\"prefix\":\"\\u003cstrong\\u003e種\\u003c/strong\\u003e: \"} /-->\n\n<!-- wp:paragraph -->\n<p><strong>年齢</strong>: [決めて]</p>\n<!-- /wp:paragraph --></div>\n<!-- /wp:column -->\n\n<!-- wp:column -->\n<div class=\"wp-block-column\"><!-- wp:post-terms {\"term\":\"group\",\"prefix\":\"\\u003cstrong\\u003eグループ\\u003c/strong\\u003e: \"} /-->\n\n<!-- wp:post-terms {\"term\":\"profession\",\"prefix\":\"\\u003cstrong\\u003e専門\\u003c/strong\\u003e: \"} /-->\n\n<!-- wp:paragraph -->\n<p><strong>役職・専門分野</strong>: [決めて]</p>\n<!-- /wp:paragraph --></div>\n<!-- /wp:column --></div>\n<!-- /wp:columns -->\n\n<!-- wp:heading {\"level\":3} -->\n<h3 class=\"wp-block-heading\">背景</h3>\n<!-- /wp:heading --></div>\n<!-- /wp:group -->\n\n<!-- wp:columns -->\n<div class=\"wp-block-columns\"><!-- wp:column {\"width\":\"33.33%\"} -->\n<div class=\"wp-block-column\" style=\"flex-basis:33.33%\"><!-- wp:paragraph -->\n<p><strong>作用</strong>:</p>\n<!-- /wp:paragraph --></div>\n<!-- /wp:column -->\n\n<!-- wp:column {\"width\":\"66.66%\"} -->\n<div class=\"wp-block-column\" style=\"flex-basis:66.66%\"><!-- wp:paragraph -->\n<p>[NPCの課題と作用を詳しく説明する]</p>\n<!-- /wp:paragraph --></div>\n<!-- /wp:column --></div>\n<!-- /wp:columns -->\n\n<!-- wp:columns -->\n<div class=\"wp-block-columns\"><!-- wp:column {\"width\":\"33.33%\"} -->\n<div class=\"wp-block-column\" style=\"flex-basis:33.33%\"><!-- wp:paragraph -->\n<p><strong>動機</strong>:</p>\n<!-- /wp:paragraph --></div>\n<!-- /wp:column -->\n\n<!-- wp:column {\"width\":\"66.66%\"} -->\n<div class=\"wp-block-column\" style=\"flex-basis:66.66%\"><!-- wp:paragraph -->\n<p>[NPCの動機と目標を詳しく説明する］</p>\n<!-- /wp:paragraph --></div>\n<!-- /wp:column --></div>\n<!-- /wp:columns -->\n\n<!-- wp:columns -->\n<div class=\"wp-block-columns\"><!-- wp:column {\"width\":\"33.33%\"} -->\n<div class=\"wp-block-column\" style=\"flex-basis:33.33%\"><!-- wp:paragraph -->\n<p><strong>コネクション</strong>:</p>\n<!-- /wp:paragraph --></div>\n<!-- /wp:column -->\n\n<!-- wp:column {\"width\":\"66.66%\"} -->\n<div class=\"wp-block-column\" style=\"flex-basis:66.66%\"><!-- wp:custom-related-posts/related-posts {\"title\":\"\",\"none_text\":\"No connections\"} /--></div>\n<!-- /wp:column --></div>\n<!-- /wp:columns -->\n\n<!-- wp:columns -->\n<div class=\"wp-block-columns\"><!-- wp:column {\"width\":\"33.33%\"} -->\n<div class=\"wp-block-column\" style=\"flex-basis:33.33%\"><!-- wp:paragraph -->\n<p><strong>出演情報</strong>:</p>\n<!-- /wp:paragraph --></div>\n<!-- /wp:column -->\n\n<!-- wp:column {\"width\":\"66.66%\"} -->\n<div class=\"wp-block-column\" style=\"flex-basis:66.66%\"><!-- wp:list -->\n<ul><!-- wp:list-item -->\n<li>エピソード [X]<!-- wp:list -->\n<ul><!-- wp:list-item -->\n<li>シーン [Y]</li>\n<!-- /wp:list-item --></ul>\n<!-- /wp:list --></li>\n<!-- /wp:list-item --></ul>\n<!-- /wp:list --></div>\n<!-- /wp:column --></div>\n<!-- /wp:columns --></div>\n<!-- /wp:group -->"
}