{
  "__file": "wp_block",
  "title": "PC (de_DE)",
  "content": "<!-- wp:group {\"layout\":{\"type\":\"constrained\"}} -->\n<div class=\"wp-block-group\"><!-- wp:heading {\"level\":3} -->\n<h3 class=\"wp-block-heading\">Profil</h3>\n<!-- /wp:heading -->\n\n<!-- wp:columns -->\n<div class=\"wp-block-columns\"><!-- wp:column -->\n<div class=\"wp-block-column\"><!-- wp:post-terms {\"term\":\"character-type\",\"prefix\":\"\\u003cstrong\\u003eTyp\\u003c/strong\\u003e: \"} /-->\n\n<!-- wp:post-terms {\"term\":\"species\",\"prefix\":\"\\u003cstrong\\u003eSpezies\\u003c/strong\\u003e: \"} /-->\n\n<!-- wp:paragraph -->\n<p><strong>Alter</strong>: [festlegen]</p>\n<!-- /wp:paragraph --></div>\n<!-- /wp:column -->\n\n<!-- wp:column -->\n<div class=\"wp-block-column\"><!-- wp:post-terms {\"term\":\"group\",\"prefix\":\"\\u003cstrong\\u003eGruppe\\u003c/strong\\u003e: \"} /-->\n\n<!-- wp:post-terms {\"term\":\"profession\",\"prefix\":\"\\u003cstrong\\u003eProfession\\u003c/strong\\u003e: \"} /-->\n\n<!-- wp:paragraph -->\n<p><strong>Position/Sepzialisierung</strong>: [festlegen]</p>\n<!-- /wp:paragraph --></div>\n<!-- /wp:column --></div>\n<!-- /wp:columns -->\n\n<!-- wp:heading {\"level\":3} -->\n<h3 class=\"wp-block-heading\">Hintergrund</h3>\n<!-- /wp:heading -->\n\n<!-- wp:columns -->\n<div class=\"wp-block-columns\"><!-- wp:column {\"width\":\"33.33%\"} -->\n<div class=\"wp-block-column\" style=\"flex-basis:33.33%\"><!-- wp:paragraph -->\n<p><strong>Offizieller Auftrag</strong>:</p>\n<!-- /wp:paragraph --></div>\n<!-- /wp:column -->\n\n<!-- wp:column {\"width\":\"66.66%\"} -->\n<div class=\"wp-block-column\" style=\"flex-basis:66.66%\"><!-- wp:paragraph -->\n<p>[detaillierte Angaben zum offiziellen Auftrag des SCs]</p>\n<!-- /wp:paragraph --></div>\n<!-- /wp:column --></div>\n<!-- /wp:columns -->\n\n<!-- wp:columns -->\n<div class=\"wp-block-columns\"><!-- wp:column {\"width\":\"33.33%\"} -->\n<div class=\"wp-block-column\" style=\"flex-basis:33.33%\"><!-- wp:paragraph -->\n<p><strong>Geheimer Auftrag</strong>:</p>\n<!-- /wp:paragraph --></div>\n<!-- /wp:column -->\n\n<!-- wp:column {\"width\":\"66.66%\"} -->\n<div class=\"wp-block-column\" style=\"flex-basis:66.66%\"><!-- wp:paragraph -->\n<p>[detaillierte Angaben zum geheimen/inoffiziellen Auftrag des SCs]</p>\n<!-- /wp:paragraph --></div>\n<!-- /wp:column --></div>\n<!-- /wp:columns -->\n\n<!-- wp:columns -->\n<div class=\"wp-block-columns\"><!-- wp:column {\"width\":\"33.33%\"} -->\n<div class=\"wp-block-column\" style=\"flex-basis:33.33%\"><!-- wp:paragraph -->\n<p><strong>Ziele und Wünsche</strong>:</p>\n<!-- /wp:paragraph --></div>\n<!-- /wp:column -->\n\n<!-- wp:column {\"width\":\"66.66%\"} -->\n<div class=\"wp-block-column\" style=\"flex-basis:66.66%\"><!-- wp:paragraph -->\n<p>[detaillierte Angaben zu den Erfahrungen, Erwartungen, Zielen und Wünschen des (G)SCs]</p>\n<!-- /wp:paragraph -->\n\n<!-- wp:paragraph -->\n<p>[detaillierte Angaben zu den Erfahrungen, Erwartungen, Zielen und Wünschen des (G)SCs]</p>\n<!-- /wp:paragraph --></div>\n<!-- /wp:column --></div>\n<!-- /wp:columns -->\n\n<!-- wp:columns -->\n<div class=\"wp-block-columns\"><!-- wp:column {\"width\":\"33.33%\"} -->\n<div class=\"wp-block-column\" style=\"flex-basis:33.33%\"><!-- wp:paragraph -->\n<p><strong>Verbindungen</strong>:</p>\n<!-- /wp:paragraph --></div>\n<!-- /wp:column -->\n\n<!-- wp:column {\"width\":\"66.66%\"} -->\n<div class=\"wp-block-column\" style=\"flex-basis:66.66%\"><!-- wp:custom-related-posts/related-posts {\"title\":\"\",\"none_text\":\"Keine Verbindungen\"} /--></div>\n<!-- /wp:column -->\n\n<!-- wp:column {\"width\":\"100%\"} -->\n<div class=\"wp-block-column\" style=\"flex-basis:100%\"><!-- wp:paragraph -->\n<p></p>\n<!-- /wp:paragraph --></div>\n<!-- /wp:column --></div>\n<!-- /wp:columns --></div>\n<!-- /wp:group -->"
}