{
  "__file": "wp_block",
  "title": "Prop (de_DE)",
  "content": "<!-- wp:group {\"layout\":{\"type\":\"constrained\"}} -->\n<div class=\"wp-block-group\"><!-- wp:heading {\"level\":3} -->\n<h3 class=\"wp-block-heading\">Requisite-Übersicht</h3>\n<!-- /wp:heading -->\n\n<!-- wp:columns -->\n<div class=\"wp-block-columns\"><!-- wp:column -->\n<div class=\"wp-block-column\"><!-- wp:post-terms {\"term\":\"proptype\",\"prefix\":\"\\u003cstrong\\u003eArt\\u003c/strong\\u003e: \"} /-->\n\n<!-- wp:paragraph -->\n<p><strong>Anzahl</strong>: x</p>\n<!-- /wp:paragraph --></div>\n<!-- /wp:column -->\n\n<!-- wp:column -->\n<div class=\"wp-block-column\"><!-- wp:post-terms {\"term\":\"trait\",\"prefix\":\"\\u003cstrong\\u003eEigenschaften\\u003c/strong\\u003e: \"} /--></div>\n<!-- /wp:column --></div>\n<!-- /wp:columns -->\n\n<!-- wp:heading {\"level\":3} -->\n<h3 class=\"wp-block-heading\">Beschreibung und Verwendung</h3>\n<!-- /wp:heading -->\n\n<!-- wp:paragraph -->\n<p></p>\n<!-- /wp:paragraph --></div>\n<!-- /wp:group -->"
}